Name,Position
Melvin Ajinca,[]
Adem Bona,['C']
Matas Buzelis,"['SF', 'PF']"
Carlton Carrington,"['PG', 'SG']"
Devin Carter,[]
Stephon Castle,"['PG', 'SG']"
Ulrich Chomche,['C']
Cam Christie,"['PG', 'SG']"
Donovan Clingan,['C']
Isaiah Collier,"['PG', 'SG']"
Pacome Dadiet,"['PG', 'SG']"
Rob Dillingham,"['PG', 'SG']"
Nikola Djurisic,[]
Ryan Dunn,"['SF', 'PF']"
Zach Edey,['C']
Kyle Filipowski,"['SF', 'PF']"
Enrique Freeman,"['SF', 'PF']"
Johnny Furphy,"['SF', 'PF']"
Kyshawn George,"['SF', 'PF']"
Ron Holland II,['SF']
DaRon Holmes II,['C']
Ariel Hukporti,['C']
Oso Ighodaro,['C']
Harrison Ingram,"['SF', 'PF']"
Bronny James,"['PG', 'SG']"
AJ Johnson,"['PG', 'SG']"
Dillon Jones,"['SF', 'PF']"
Bobi Klintman,"['SF', 'PF']"
Dalton Knecht,"['PG', 'SG']"
Tyler Kolek,"['PG', 'SG']"
Pelle Larsson,"['PG', 'SG']"
Jared McCain,"['PG', 'SG']"
Kevin McCullar Jr.,"['SF', 'PF']"
Yves Missi,['C']
Ajay Mitchell,"['PG', 'SG']"
Jonathan Mogbo,"['SF', 'PF']"
Tristen Newton,[]
Juan Nunez,[]
Quinten Post,['C']
Antonio Reeves,"['PG', 'SG']"
Zaccharie Risacher,['PF']
Tidjane Salaun,"['SF', 'PF']"
Baylor Scheierman,"['SF', 'PF']"
Terrence Shannon Jr.,"['PG', 'SG']"
Jamal Shead,"['PG', 'SG']"
Reed Sheppard,"['PG', 'SG']"
KJ Simpson,"['PG', 'SG']"
Tyler Smith,"['SF', 'PF']"
Cam Spencer,"['PG', 'SG']"
Nikola Topic,"['PG', 'SG']"
Jaylon Tyson,"['SF', 'PF']"
Jaâ€™Kobe Walter,[]
Kel'el Ware,['C']
Anton Watson,"['SF', 'PF']"
Jaylen Wells,"['SF', 'PF']"
Cody Williams,"['SF', 'PF']"
Tristan da Silva,"['SF', 'PF']"
Jayson Tatum,['SF']
Anthony Davis,['PF']
Derrick White,['PG']
Jrue Holiday,['PG']
Miles McBride,['PG']
Rui Hachimura,['PF']
Jaylen Brown,"['SG','SF']"
Rudy Gobert,['C']
Julius Randle,['PF']
Al Horford,['C']
Jalen Brunson,['PG']
Anthony Edwards,['SG']
Karl-Anthony Towns,['C']
Austin Reaves,['SG']
Josh Hart,['SG']
Nickeil Alexander-Walker,['SG']
LeBron James,['SF']
Jaxson Hayes,['C']
Mikal Bridges,['SF']
Cameron Payne,['PG']
Naz Reid,['C']
Jericho Sims,['C']
Luke Kornet,['C']
Sam Hauser,['SF']
Donte DiVincenzo,['SG']
D'Angelo Russell,"['PG', 'SG']"
OG Anunoby,['SF']
Xavier Tillman,"['SF', 'PF']"
Mike Conley,['PG']
Jaden McDaniels,['PF']
Gabe Vincent,['PG']
Jordan Walsh,"['PG', 'SG']"
Joe Ingles,['SG']
Neemias Queta,['C']
Jacob Toppin,"['SF', 'PF']"
Payton Pritchard,['PG']
Max Christie,['SG']
LaMelo Ball,['PG']
Lauri Markkanen,['PF']
Trae Young,['PG']
Paolo Banchero,['PF']
Onyeka Okongwu,['PF']
Evan Mobley,['PF']
Cam Thomas,['SG']
Alperen Sengun,['C']
Damian Lillard,['PG']
Brandon Ingram,['SF']
Giannis Antetokounmpo,['PF']
Pascal Siakam,['PF']
Walker Kessler,['C']
Franz Wagner,['SF']
Stephen Curry,['PG']
Cade Cunningham,['PG']
Ja Morant,['PG']
Santi Aldama,['PF']
Bradley Beal,['SG']
CJ McCollum,['SG']
Caris LeVert,['SG']
Nikola Vu?evi?,['C']
Buddy Hield,['SG']
Donovan Mitchell,['SG']
Jarrett Allen,['C']
Tre Mann,['PG']
Jalen Duren,['C']
Desmond Bane,['SG']
Ty Jerome,['SG']
Taurean Prince,['PF']
Jalen Green,['SG']
Gary Harris,['SG']
Trayce Jackson-Davis,"['SF', 'PF']"
Myles Turner,['C']
Dyson Daniels,"['PG', 'SG']"
Chris Boucher,['PF']
Tyus Jones,['PG']
James Harden,['SG']
T.J. McConnell,['PG']
Jalen Smith,['PF']
Andrew Wiggins,['SF']
Terry Rozier,['SG']
Zach LaVine,['SG']
Dejounte Murray,['SG']
Kyle Lowry,['PG']
Jaden Ivey,['PG']
Jordan Clarkson,['PG']
Ivica Zubac,['C']
Jay Huff,['C']
Bennedict Mathurin,['SG']
Scoot Henderson,"['PG', 'SG']"
Kevin Durant,['PF']
Javonte Green,"['PG', 'SG']"
Bobby Portis,"['SF', 'PF']"
Deni Avdija,['SF']
Taylor Hendricks,"['SF', 'PF']"
Gradey Dick,"['PG', 'SG']"
Jalen Suggs,['SG']
Jalen Wilson,"['SF', 'PF']"
Wendell Carter,['C']
Amir Coffey,['SG']
Tyler Herro,['PG']
Collin Sexton,['PG']
Tyrese Maxey,['PG']
Devin Booker,['SG']
Derrick Jones,['SF']
Toumani Camara,"['SF', 'PF']"
Gary Payton,['SG']
Tim Hardaway,['SF']
Tyrese Haliburton,['PG']
Moses Moody,['SG']
Anthony Black,"['PG', 'SG']"
Cameron Johnson,['SF']
Norman Powell,"['PG', 'SG']"
Daniel Theis,['C']
Caleb Martin,['SF']
Kelly Oubre,['SG']
Immanuel Quickley,['SG']
Jerami Grant,['SF']
Jordan Hawkins,"['PG', 'SG']"
Deandre Ayton,['C']
Nikola Jovi?,['SF']
Andre Drummond,['C']
Scotty Pippen ,"['PG', 'SG']"
Draymond Green,['PF']
Haywood Highsmith,"['SF', 'PF']"
Fred VanVleet,['PG']
De'Andre Hunter,['SF']
Brook Lopez,['C']
De'Anthony Melton,['SG']
Thomas Bryant,['C']
Jaime Jaquez,"['PG', 'SG']"
Cody Martin,['SF']
Georges Niang,['SF']
Jusuf Nurki?,['C']
Bam Adebayo,['C']
Josh Giddey,['SG']
Clint Capela,['C']
Mason Plumlee,['C']
Amen Thompson,"['SF', 'PF']"
Ochai Agbaji,"['PG', 'SG']"
Kyle Anderson,['SF']
Aaron Nesmith,['SF']
Kris Dunn,"['PG', 'SG']"
Jalen Johnson,['SF']
Noah Clowney,"['SF', 'PF']"
Pat Connaughton,['SG']
Andrew Nembhard,['PG']
Guerschon Yabusele,"['SF', 'PF']"
Moritz Wagner,['C']
Gary Trent,['SG']
Dean Wade,['PF']
Lindy Waters,"['SF', 'PF']"
John Konchar,['SG']
Terance Mann,['SG']
Coby White,['PG']
Malik Beasley,['SG']
Jeremiah Robinson-Earl,"['SF', 'PF']"
Grayson Allen,['SG']
Nic Claxton,['C']
Jock Landale,['C']
Anfernee Simons,['SG']
Jabari Smith,['PF']
Ayo Dosunmu,['SG']
Dorian Finney-Smith,['PF']
Nick Richards,['C']
Rayan Rupert,"['PG', 'SG']"
Ziaire Williams,"['SF', 'PF']"
Miles Bridges,['SF']
Jamison Battle,"['SF', 'PF']"
Tobias Harris,"['SF', 'PF']"
Brandon Miller,"['SF', 'PF']"
Grant Williams,['PF']
Marcus Smart,['PG']
Ben Simmons,['PG']
Ricky Council,"['PG', 'SG']"
Kai Jones,['PF']
Bogdan Bogdanovi?,"['SG','SF']"
Seth Curry,['SG']
Lonzo Ball,['PG']
Monte Morris,['PG']
Brice Sensabaugh,"['SF', 'PF']"
Kevon Looney,"['SF', 'PF']"
Moussa Diabaté,['C']
Tari Eason,"['SF', 'PF']"
James Wiseman,['C']
John Collins,['PF']
Sam Merrill,['SG']
Bruno Fernando,"['SF', 'PF']"
Patrick Williams,['PF']
Dennis Schröder,['PG']
Jonathan Isaac,['PF']
Vit Krejci,"['PG', 'SG']"
Jose Alvarado,['PG']
Jake LaRavia,"['SF', 'PF']"
Royce O'Neale,['PF']
Isaac Okoro,['SF']
Gui Santos,"['SF', 'PF']"
Isaiah Stewart,['C']
Jimmy Butler,['SF']
Chris Duarte,['SG']
Keyonte George,"['PG', 'SG']"
Marcus Sasser,"['PG', 'SG']"
Garrett Temple,['SF']
Scottie Barnes,['SF']
Obi Toppin,['PF']
Duop Reath,['C']
Herbert Jones,['SF']
KJ Martin,"['SF', 'PF']"
Julian Phillips,"['SF', 'PF']"
Craig Porter,"['PG', 'SG']"
Jonathan Kuminga,['PF']
A.J. Green,['SG']
Davion Mitchell,['PG']
Dalano Banton,"['PG', 'SG']"
Kentavious Caldwell-Pope,['SG']
Jarace Walker,"['SF', 'PF']"
Cam Whitmore,"['SF', 'PF']"
Nicolas Batum,['PF']
Karlo Matkovi?,['PF']
Dru Smith,"['PG', 'SG']"
Duncan Robinson,"['SF', 'PF']"
Tristan Thompson,['C']
Delon Wright,['SG']
Dalen Terry,"['SF', 'PF']"
Darius Garland,['PG']
Lester Quiñones,['SG']
Jakob Poeltl,['C']
Ben Sheppard,"['PG', 'SG']"
Patty Mills,['PG']
Jabari Walker,"['SF', 'PF']"
Vasilije Mici?,['PG']
MarJon Beauchamp,"['SF', 'PF']"
Jeff Dowtin,"['PG', 'SG']"
Andre Jackson,"['PG', 'SG']"
Caleb Houstan,"['PG', 'SG']"
Brandin Podziemski,"['PG', 'SG']"
Ryan Rollins,"['PG', 'SG']"
Brandon Clarke,['PF']
Shake Milton,['SG']
Eric Gordon,['SG']
Talen Horton-Tucker,['SF']
Cory Joseph,['PG']
Kris Murray,"['SF', 'PF']"
Tristan Da Silva,"['SF','PF']"
Jett Howard,"['PG', 'SG']"
Kevin Porter,"['PG', 'SG']"
Dillon Brooks,['SF']
Goga Bitadze,['C']
Cole Anthony,['PG']
Simone Fontecchio,"['SF', 'PF']"
Chet Holmgren,['PF']
Shai Gilgeous-Alexander,['PG']
Klay Thompson,['SG']
Nikola Joki?,['C']
Jordan Poole,['SG']
Luka Don?i?,['PG']
DeMar DeRozan,['SF']
Keegan Murray,['SF']
Dereck Lively,['C']
Domantas Sabonis,['PF']
Julian Champagnie,"['SF', 'PF']"
Jonas Valan?i?nas,['C']
Harrison Barnes,['SF']
Malik Monk,['SG']
Aaron Wiggins,['SG']
De'Aaron Fox,['PG']
Christian Braun,"['PG', 'SG']"
Bilal Coulibaly,['SG']
Kyrie Irving,['PG']
Aaron Gordon,['PF']
Jeremy Sochan,"['SF', 'PF']"
Daniel Gafford,['C']
P.J. Washington,['PF']
Michael Porter,['SF']
Jamal Murray,['PG']
Jaden Hardy,"['PG', 'SG']"
Marvin Bagley,['PF']
Victor Wembanyama,['C']
Blake Wesley,"['PG', 'SG']"
Zach Collins,['PF']
Malaki Branham,"['PG', 'SG']"
Ousmane Dieng,"['SF', 'PF']"
Jared Butler,['SG']
Tre Jones,['PG']
Patrick Baldwin,"['SF', 'PF']"
Corey Kispert,['SF']
Kyle Kuzma,['SF']
Chris Paul,['PG']
Luguentz Dort,"['PG', 'SG']"
Russell Westbrook,['PG']
Maxi Kleber,['PF']
Cason Wallace,"['PG', 'SG']"
Keon Ellis,"['PG', 'SG']"
Isaiah Joe,['SG']
Julian Strawther,"['PG', 'SG']"
Charles Bassey,['C']
Keldon Johnson,['SF']
Dwight Powell,['C']
Jaden Springer,"['PG', 'SG']"
Alex Caruso,['SG']
Alex Len,['C']
Trey Lyles,['PF']
Peyton Watson,"['SF', 'PF']"
Dario Šari?,['PF']
Anthony Gill,['PF']
Drew Peterson,"['SF', 'PF']"
Jalen Williams,"['SF', 'PF']"
Alex Sarr,['PF']
Justin Champagnie,['SF']
Trey Alexander,"['PG', 'SG']"
Vlatko ?an?ar,"['SF','PF']"
Spencer Dinwiddie,['PG']
Sandro Mamukelashvili,['PF']
Naji Marshall,['SF']
Alex Ducas,"['PG', 'SG']"
Adam Flagler,"['SF', 'PF']"
Kevin Huerter,['SG']
Olivier-Maxence Prosper,"['SF', 'PF']"
Hunter Tyson,"['SF', 'PF']"
Johnny Davis,"['PG', 'SG']"
Zeke Nnaji,['PF']
Jalen Pickett,"['PG', 'SG']"
Doug McDermott,['SF']
Quentin Grimes,['SG']
JD Davison,['SG']
Zion Williamson,['PF']
Isaiah Jackson,['SF']
Garrison Mathews,['SG']
Drew Eubanks,['PF']
Josh Green,['SG']
Quenton Jackson,"['PG', 'SG']"
James Johnson,['PF']
D.J. Carton,"['PG', 'SG']"
Yuki Kawamura,"['PG', 'SG']"
Jae'Sean Tate,['SF']
Aaron Holiday,"['PG', 'SG']"
Wendell Moore,"['PG', 'SG']"
Keon Johnson,"['PG', 'SG']"
Paul Reed,"['SF', 'PF']"
Daniss Jenkins,"['PG', 'SG']"
Reggie Jackson,['PG']
Alec Burks,['SG']
Jaren Jackson,['PF']
Collin Gillespie,"['PG', 'SG']"
Mac McClung,"['PG', 'SG']"
Damion Lee,['SG']
Jevon Carter,['PG']
Jordan McLaughlin,['PG']
Tidjane Salaün,['PF']
Jazian Gortman,"['PG', 'SG']"
Trevelin Queen,['SG']
David Roddy,"['SF', 'PF']"
Alex Reese,[]
Jaylen Martin,[]
Keaton Wallace,"['PG', 'SG']"
Mouhamed Gueye,"['SF', 'PF']"
Yongxi Cui,[]
Dariq Miller-Whitehead,[]
Larry Nance,['PF']
RJ Barrett,['SG']
Steven Adams,['C']
Kessler Edwards,['SF']
Colby Jones,"['PG', 'SG']"
Isaac Jones,['C']
Brandon Williams,"['PG', 'SG']"
Jamal Cain,"['SF', 'PF']"
Pat Spencer,"['PG', 'SG']"
Reece Beekman,"['PG', 'SG']"
Brandon Boston,['SG']
Johnny Juzang,"['PG', 'SG']"
Adama Sanogo,['C']
Trey Jemison,['C']
Sidy Cissoko,"['PG', 'SG']"
Tyrese Martin,"['PG', 'SG']"
Torrey Craig,['SF']
Cam Reddish,['SF']
Liam Robbins,['C']
Colin Castleton,['C']
Luke Travers,"['PG', 'SG']"
Ja'Kobe Walter,"['PG', 'SG']"
Malevy Leons,"['SF', 'PF']"
PJ Dozier,[]
DeAndre Jordan,['C']
Svi Mykhailiuk,['SG']
Taj Gibson,"['SF', 'PF']"
Bones Hyland,['PG']
Spencer Jones,"['SF', 'PF']"
Nick Smith,"['PG', 'SG']"
Kobe Brown,"['PG', 'SG']"
Josh Minott,"['SF', 'PF']"
Jeff Green,['PF']
Terrence Shannon,"['PG', 'SG']"
Luka Garza,['C']
Jordan Miller,"['PG', 'SG']"
Richaun Holmes,"['SF', 'PF']"
Josh Richardson,['SG']
Dominick Barlow,"['SF', 'PF']"
Jaylen Nowell,[]
Paul George,"['SF', 'PF']"
Luke Kennard,['SG']
Christian Koloko,['C']
Markieff Morris,['PF']
David Duke,"['PG', 'SG']"
Riley Minix,"['SF', 'PF']"
Jack McVeigh,"['PG', 'SG']"
Shaedon Sharpe,['SG']
Stanley Umude,"['PG', 'SG']"
Robert Williams,['C']
Josh Okogie,['SF']
Matt Ryan,"['SF', 'PF']"
Jalen Hood-Schifino,"['PG', 'SG']"
Maxwell Lewis,"['SF', 'PF']"
Devin Vassell,['SG']
Kevin Love,['PF']
Trey Murphy,['SG']
Kenrich Williams,['SF']
Mason Jones,"['PG', 'SG']"
Joel Embiid,['C']
Chris Livingston,"['SF', 'PF']"
TyTy Washington,"['PG', 'SG']"
Bol Bol,['C']
Jalen Bridges,"['SF', 'PF']"
Vince Williams,"['PG', 'SG']"
E.J. Liddell,"['SF', 'PF']"
Mohamed Bamba,['C']
Trendon Watford,['PF']
JT Thor,"['SF', 'PF']"
PJ Hall,['C']
Malcolm Brogdon,['PG']
Kobe Bufkin,"['PG', 'SG']"
Isaiah Hartenstein,['C']
Elfrid Payton,['PG']
Moses Brown,['C']
Taze Moore,"['PG', 'SG']"
Alondes Williams,"['PG', 'SG']"
Cole Swider,"['SF', 'PF']"
Justin Edwards,"['SF', 'PF']"
Kristaps Porzi??is,"['PF','C']"
Branden Carlson,['C']
Ausar Thompson,"['SF', 'PF']"
Justin Minaya,"['SF', 'PF']"
Micah Potter,['C']
Oscar Tshiebwe,['C']
Jae Crowder,['PF']
Day'Ron Sharpe,['C']
Keshad Johnson,['PF']
Daishen Nix,['SG']
Mark Williams,['C']
Trentyn Flowers,"['PG', 'SG']"
DaQuan Jeffries,['SG']
Precious Achiuwa,['PF']
Khris Middleton,['SF']
Kelly Olynyk,['PF']
Isaiah Wong,"['PG', 'SG']"
Bryce McGowens,"['PG', 'SG']"
Quincy Olivari,"['PG', 'SG']"
Max Strus,['SG']
Leonard Miller,"['SF', 'PF']"
Jaylin Williams,"['SF', 'PF']"
A.J. Lawson,"['PG', 'SG']"
Landry Shamet,['SG']
Tristan Vukcevic,['PF']
Josh Christopher,['SG']
Bruce Brown,['SF']
Trey Murphy III,['SG']
Kelly Oubre Jr.,['SG']
Michael Porter Jr.,['SF']
Derrick Jones Jr.,['SF']
Ricky Council IV,"['PG', 'SG']"
Mo Bamba,['C']
Pete Nance,"['SF', 'PF']"
Craig Porter Jr.,"['PG', 'SG']"
Brandon Boston Jr.,['SG']
Patrick Baldwin Jr.,"['SF', 'PF']"
Isaiah Crawford,"['SF', 'PF']"
Kevin Porter Jr.,"['PG', 'SG']"
Lindy Waters III,"['SF', 'PF']"
Jaren Jackson Jr.,['PF']
Gary Trent Jr.,['SG']
Xavier Tillman Sr.,['C']
Andre Jackson Jr.,"['PG', 'SG']"
Scotty Pippen Jr.,"['PG', 'SG']"
Dereck Lively II,['C']
Jaime Jaquez Jr.,"['PG', 'SG']"
Wendell Carter Jr.,['C']
Jabari Smith Jr.,['PF']
Tim Hardaway Jr.,['SF']
Nick Smith Jr.,"['PG', 'SG']"
Wendell Moore Jr.,"['PG', 'SG']"
Kawhi Leonard,['SF']
TyTy Washington Jr.,"['PG', 'SG']"
Tosan Evbuomwan,['PF']
